[
    {"id":1, "title":"The joker", "description":"A scary book about clowns that will murder you.", "ISBN":"978-1-60309-369-9", "publisher":"TheGothan", "cover-image":"yes"},
    {"id":2, "title":"The 120 Days of Simon", "description":"BB Wolf strikes a relentless tempo that grabs you by the ears and refuses to let go. I never put this one down for an instant. Great stuff.", "ISBN":"978-1-60309-050-6", "publisher":"TheGothan", "cover-image":"no"},
    {"id":3, "title":"AEIOU or Any Easy Intimacy ", "description":"Blue is a fascinating blend of autobiography and fiction with a sci-fi twist: in a seaside Australian town struggling with alien tentacle-creature immigration, a trio of aimless teenagers skip school to go surfing, chase rumors of a dead body, and avoid dealing with their own fears.", "ISBN":"978-1-60309-442-9", "publisher":"BlackGuy", "cover-image":"yes"},
    {"id":4, "title":"Alec: The Years Have Pants", "description":"A convincing, absorbing and satisfying fictional portrait of truth.", "ISBN":"978-0-9858751-3-8", "publisher":"TheKnight", "cover-image":"yes"},
    {"id":5, "title":"Alone Forever", "description":"This critically-acclaimed graphic novel was selected as one of Canada Reads", "ISBN":"978-1-891830-29-7", "publisher":"TheKnight", "cover-image":"no"},
    {"id":6, "title":"American Elf", "description":"You can open to any page and find something unusually bare and honest about these stories.", "ISBN":"978-1-891830-73-0", "publisher":"TheGothan", "cover-image":"yes"},
    {"id":7, "title":"Harry Potter", "description":"An unsparing portrait of male anxiety and twenty-something lassitude, all rendered in drawings that are too crude to be anything but expressive.", "ISBN":"978-1-60309-074-2", "publisher":"TheKnight", "cover-image":"yes"},
    {"id":8, "title":"The Hunger Games", "description":"Hartzell's narrative glides along so smoothly that it can take a few readings to notice how clever and nuanced his design sense is.", "ISBN":"978-1-891830-41-9", "publisher":"BlackGuy", "cover-image":"no"},
    {"id":9, "title":"Robinson Crusoe", "description":"dark, fearsomely complex Douglas Wolk, Publishers Weekly", "ISBN":"978-1-60309-076-6", "publisher":"TheGothan", "cover-image":"no"},
    {"id":10, "title":"Ghost In the Shell", "description":"Moore, one of the great fiction minds of his generation, never accomplished", "ISBN":"978-1-891830-71-6", "publisher":"BlackGuy", "cover-image":"yes"}
]